This list was curated by Helen Guo from SMB Deal Hunter. ,
Connect with Helen on Twitter 👉,
Connect with Helen on LinkedIn 👉,
Work with the SMB Deal Hunter team to help you find on and off-market businesses to buy and mentor you through closing your first deal 👉,
,
Name of Website,Link to Website
SMB Deal Hunter,smbdealhunter.xyz
Mergerfile,https://mergerfile.com/
BizBuySell,https://www.bizbuysell.com/
Dynamis Ltd,https://www.businessesforsale.com/
Business Broker Network,https://www.businessbroker.net/
DealStream,https://dealstream.com/
Sunbelt Network,https://www.sunbeltnetwork.com/
Loopnet,https://www.loopnet.com/
BizBen,https://www.bizben.com/
"BusinessMart, Inc.",https://www.businessmart.com/
Transworld Business Advisors,https://www.tworld.com/
Exchange,https://exchangemarketplace.com/
Franchise Gator,https://www.franchisegator.com/
Empire Flippers,https://empireflippers.com/
SMERGERS,https://www.smergers.com/
Digital Exits,https://digitalexits.com/
Business Buyer Advocate,https://partneroncall.com/
Flippa,https://flippa.com/
Website Closers,https://www.websiteclosers.com/
Vested Business Brokers,https://www.vestedbb.com/
Quiet Light,https://quietlight.com/
Franchise Opportunities Network,https://www.franchiseopportunities.com/
FE International,https://feinternational.com/
Axial,https://www.axial.net/
Restaurants for Sale Global,https://www.restaurantsforsaleglobal.com/
Restaurants For Sale Online,https://www.restaurants-for-sale.com/
SellingRestaurants,https://sellingrestaurants.com/
Routes For Sale,https://routesforsale.net/
Sanborn and Company,https://www.sanbornandcompany.com/
Franchise Resales,https://www.franchiseresales.com/
Acquisition Experts LLC,https://acquisitionexperts.net/
Crowne Atlantic Properties,https://www.crowneatlantic.com/
BizEx Business Brokers / M&A Advisors,https://www.bizex.net/
Yuros,https://yuros.com/
SourceScrub,https://www.sourcescrub.com/
Aurigin,https://www.aurigininc.com/
Swiftexits,https://www.swiftexits.com/
Ecquisition,https://www.ecquisition.com/
VR Business Brokers,https://vrbusinessbrokers.com/
Restaurant Brokers & Developers,https://www.therestaurantbroker.com/
Colorado Association of Business Intermediaries,https://coloradobusinesses.com/
"Restaurant Brokers of Minnesota, Inc. | ROBMN",https://restaurantsforsale.com/
Florida Business Brokers,https://floridabizmls.com/
ExitAdviser,https://exitadviser.com/
The Boston Restaurant Group,https://www.bostonrestaurantgroup.com/
Metropolitan Restaurant Brokers,https://www.buysellarestaurant.com/
AMERICAN BUSINESS BROKERS,https://abbrokers.com/
Daltons business,https://www.daltonsbusiness.com/
Acquisition Aficionado Magazine,https://acquisitionaficionado.com/
Business Sale Report,https://www.business-sale.com/
Bizdaq,https://www.mybizdaq.com/
Business Nation,https://www.businessnation.com/
Visa Franchise,https://www.visafranchise.com/
ATM Brokerage,https://atmbrokerage.com/
whichfranchise,https://www.whichfranchise.com/
What Franchise,https://www.what-franchise.com/
BAYSTATE BUSINESS BROKERS,https://www.baystatebusinessbrokers.com/
Blacks Business Brokers,https://www.blacksbrokers.com/
FindMyPub,https://www.findmypub.com/
The Business Exchange,https://thebizex.com/
Corporate Investment Business Brokers,https://www.cibb.com/
Healthcare & Medical Business Broker Serving Florida,https://www.healthcarebizsales.com/
Dental Medical Sales,https://dentalmedicalsales.com/
Murphy Business & Financial Corporation,https://murphybusiness.com/
Capital Business Solutions,https://capitalbbw.com/
Dolan Sales,https://dolansales.com/
XL BUSINESS BROKERS,https://www.xlbusinessbrokers.com/
Strategic Business Brokers Group,https://www.businessbrokerphoenixaz.com/
Hallmark Business Brokers,https://www.hallmarkbrokers.com/
Washington Metropolitan Business Brokers,https://washmbb.com/
Alpine Business Brokers,https://www.alpinebusinessbrokers.com/
Benjamin Ross Group,https://www.benjaminrossgroup.com/
Alliant Capital Advisors,https://alliantbrokers.com/
Business Brokers of Florida,https://bbfmls.com/
Legacy Venture Group,https://www.buybizusa.com/
Rockrose Realty Inc.,https://floridabusinesses.net/
First Choice Business Brokers Of San Diego,https://businessforsaleinsandiego.com/
Transition Group Business Brokers,https://thetransitiongroup.biz/
Asian Business Brokers,https://www.asianbusinessbrokers.com/
Beacon Mergers & Acquisitions,https://www.beaconadvisors.com/
Morgan Business Sales,https://www.morganbusinesssales.com/
Latona's,https://latonas.com/
Motion Invest,https://www.motioninvest.com/
Investors Club,https://investors.club/
Eli Deal,https://eli-deal.com/
BizQuest,https://www.bizquest.com/
Transferslot,https://transferslot.com/
IndieMaker,https://indiemaker.co/
acquire.com,acquire.com
Duuce,https://duuce.com/
Easy Buy Sell Business,https://www.easybuysellbusiness.com/
Christie & Co,https://www.christie.com/
Hilton Smythe,https://hiltonsmythe.com/
Acquizition,https://www.acquizition.biz/
Aldes Business Brokers,https://aldes.co.za/
Vetted Biz,https://www.vettedbiz.com/
Website Properties,https://websiteproperties.com/
Buy and Sell A Business,https://buyandsellabusiness.com/
"Affiliated Business Consultants, Inc",https://www.bizsale.com/
BusinessForSale,https://www.businessforsale.sg/
Lookforbuyer,https://lookforbuyer.com/
Business Takeover,https://www.business-takeover.com/
Acquisitions Direct,https://acquisitionsdirect.com/
Raincatcher,https://raincatcher.com/
Business Exits,https://businessexits.com/
First Choice Business Brokers,https://fcbb.com/
Synergy Business Brokers,https://www.synergybb.com/
Just Website Brokerage Pty Ltd,https://www.justwebsitebrokerage.com/
Harbor City Business Brokers,https://www.harborbiz.com/
Tampa Business Broker,https://www.tampabusinessbroker.com/
Viking Mergers & Acquisitions,https://www.vikingmergers.com/
American Fortune Mergers & Acquisitions,https://www.fortunebta.com/
"Premier Business Group, LLC",https://www.premierbizgroup.com/
"Benchmark Business Group, LLC",https://www.benchmarkbusinessgroup.com/
Confidential Business Intermediaries | CBI Team,https://www.cbiteam.com/
Sun Acquisitions,https://sunacquisitions.com/
Stoneridge Partners,https://stoneridgepartners.com/
Enterprise Development Resources,https://enterprisedr.com/
Destin Business Brokers,https://destinbusinessbrokers.com/
Gulf Coast Business Broker,https://gulfcoastbusinessbroker.com/
I Sell Restaurants and Bars,https://www.isellrestaurantsandbars.com/
Montgomery Business Brokers,https://montgomerybusinessbrokers.com/
OLD Inc Business Brokers,https://oldincsellsbusinesses.com/
Alaska Business Brokers,https://alaskabusinessbrokers.com/
Allen & Young Business Brokerage,https://www.allenandyoung.com/
Business Brokers of Arizona,https://azbusinessbrokers.com/
Arizona Restaurant Sales,https://arizonarestaurantsales.com/
Berkshire Business Sales and Acquisitions,https://berkshirebsa.com/
CTC Associates,https://ctc-associates.com/
GoldStar Business Brokers,https://goldstarbbaz.com/
Menlo Dental Transitions,https://www.menlotransitions.com/
"Phil Reese, Arizona Business Broker",https://www.philsellsbiz.com/
R L Stump & Associates LLC,https://www.rlstumpassociates.com/
TUCSON BUSINESS INVESTMENTS,https://www.tucsonbusiness.com/
Trust Business Brokers Phoenix,https://www.trustbusinessbrokers.com/
VP Business Broker Team,https://vantagepointbusinessbrokers.com/
"AEGIS Business Brokers, LLC",https://www.aegisbusinessbrokers.com/
Cantrell-Griffin Business Brokers,https://www.arkansasbusinessbrokers.com/
Ace Business Brokers,https://www.acebusinessbrokers.com/
Bay Area Business Brokers,https://bayareabizbrokers.com/
"Brenda Bernhard, The Business Broker",https://brendathebroker.com/
Business Broker – John Irvine,https://www.johnlirvine.com/
"BusinessQuest Brokers, Inc.",https://www.businessquestbrokers.com/
California Association of Business Brokers,https://cabb.org/
California Business Exchange,https://www.calbizx.com/
California Equity Advisors,https://ca-equity.com/
Coast Business Brokerage,https://coastbusinessbrokerage.com/
"Crossroads Business Brokers, Inc.",https://crossroadsbusiness.com/
Compass First,https://compassfirst.com/
Northern California Business Sales,https://norcalcommercialsales.com/
Dealflow Brokerage,https://dealflowbrokerage.com/
Exit Consulting Group Inc.,https://exitconsultinggroup.com/
Morgan & Westfield Business Brokers,https://www.morganandwestfield.com/
1-800-BIZ-BROKER | Business Brokers,https://1800bizbroker.com/
Bottom Line Business Brokers,https://www.blbrokers.com/
California Business Advisors,https://www.californiabusinessadvisors.com/
Zoom Business Brokers,https://zoombusinessbrokers.com/
UBI Business Brokers,https://www.ubibiz.com/
Central Coast Business Brokers,https://ccbusinessbrokers.com/
The Valley Business Broker,https://www.thevalleybusinessbroker.com/
Mission Peak Brokers Inc.,https://missionpeakbrokers.com/
BIR Business Brokers,https://businessbrokersorangecounty.com/
The Lashley Group Business Broker,https://www.tlgbusinessbroker.com/
Keystone Business Advisors,https://www.keystonebusinessadvisors.com/
Green Life Business Group Inc,https://greenlifebusiness.com/
LA Business Acquisition,https://marinagolden.com/
Lemara Commercial,https://www.lemaracommercial.com/
Manhattan Biz,https://www.manhattan.biz/
National Franchise Sales,https://www.nationalfranchisesales.com/
"Prestige Business Sales, Mergers & Acquisitions",https://www.prestigebusinesssales.com/
The Deal Firm,https://www.thedealfirm.com/
Veld Mergers & Acquisitions,https://www.veldma.com/
Western Singh Business Brokers,https://californiabusinesssale.com/
Affiliated Business Brokers,https://www.affiliatedbusinessbrokers.co.za/
BlogsforSale.co,https://blogsforsale.co/
DJC Digital,https://www.djcportfolio.com/
Store Coach,https://storecoach.com/
Horizon Business Brokerage,https://www.horizonbrokers.com/
Leading Edge Brokers,https://www.leadingedgebrokers.com/
App Business Brokers,https://www.appbusinessbrokers.com/
BizXnetwork,https://bizxnetwork.com/
SaleAway,https://saleaway.co/
Business Sales Group,https://www.bsalesgroup.com/
Business Broker Colorado,https://businessbrokercolorado.com/
Business Brokerage Services,https://denverbbs.com/
Business World Brokers Inc,https://businessworldbrokers.com/
Colorado Business Brokers,https://mycoloradobusinessbrokers.com/
"Company Broker Group, LLC.",https://www.companybroker.com/
Front Range Business Inc,https://frontrangebusiness.com/
Colorado Business Listings,https://www.coloradobusinesslistings.net/
"The FBB Group, Ltd.",https://www.fbb.com/
ENLIGN Business Brokers & Advisors,https://enlign.com/
Touchstone Business Advisors,https://www.touchstonebiz.com/
InterMountain Business Brokers LLC,https://intermountainbusinessbrokers.com/
Medical Practice Brokers LLC,https://www.practicebrokers.com/
Mountain States Business Brokers & Advisors,https://msbba.com/
Rocky Mountain Business Advisors,https://www.rockymountainba.com/
Crestone Business Group,https://www.crestonebusinessgroup.com/
"Exit360 Business Brokers (formerly Galecki & Associates Business Brokers, LLC)",https://www.exit360brokers.com/
National Business Brokers & Consultants,https://www.natbiz.com/
Professional Transition Strategies,https://www.professionaltransition.com/
Proforma Partners,https://www.proformapartners.com/
Wright Business Advisors,https://www.wrightbusinessadvisors.com/
Business Acquisitions Ltd.,https://www.baltd.com/
Terry Tretta PLLC | Arizona Business Broker,https://azbusinessbroker.com/
Sunbelt Business Brokers of Western Colorado (formerly Venture Advocates),https://www.ventureadvocates.com/
Atlas Business Brokers,https://atlasbb.com/
Cetane Associates,https://www.cetane.net/
Comer Business Brokers,https://comerbusinessbrokers.com/
Inbar Group Inc,https://inbargroup.com/
Deal Team | The Richman Business Group,https://richmanbusiness.com/
Abbex Inc,https://www.abbexinc.com/
Sunbelt Business Brokers - Montgomery & Frederick Counties,https://sunbeltmd.com/
Business Brokers of America,https://businessbrokerofamerica.com/
Business Modification Group,https://businessmodificationgroup.com/
Business Broker of Miami Beach,https://businessbrokermiamibeach.com/
Certified Business Brokers,https://certifiedbb.com/
Tennessee Business Brokers,https://www.tennbusinessbrokers.com/
Bristol Group Business Brokers,https://www.bristolgrouponline.com/
Las Vegas Business Broker - Trent Lee,https://sellbusinessinlasvegas.com/
"Excel Business Brokers USA, llc",https://www.excelbusinessbrokersusa.com/
Montana 406 Business Brokers INC,https://montana406businessbrokers.com/
Executive Business Brokers,https://www.execbb.com/
Baltimore Washington Business Brokerage,https://bwbrokerage.com/
Bressler Ventures LLC,https://www.bresslerventures.com/
Valorem Business Brokers,https://topbusinessseller.com/
Kingsley Group,https://www.kingsleybrokers.com/
ROI Corporation,https://www.roibusinessbrokers.com/
B3 | Best Business Brokers,https://b3brokers.com/
KR Business Brokers,https://www.krbrokers.com/
Buz Biz Broker of West USA Realty Inc.,https://budbizbroker.com/
NJ Broker Plus,https://www.njbrokerplus.com/
Praxis Business Brokers,https://praxisbusinessbrokers.com/
LISITEN ASSOCIATES BUSINESS BROKERS,https://lisitenassociates.com/
Small Business America : David A. Miller,https://sbaphoenix.com/
George and Company,https://www.georgeandco.com/
Accelerated MFG. Brokers,https://acceleratedmfgbrokers.com/
Central Florida Business Brokerage,https://www.cfbb.biz/
Coastal Business Advisors – M&A,https://coastalmanda.com/
Liberty Exchange,https://libertyexchange.com/
Edison Business Advisors,https://www.edisonba.com/
Emerald Coast Business Intermediaries,https://www.ecbrokers.com/
The Kensington Company,https://kensingtoncompany.com/
Five Star Business Brokers,https://fivestarbusinessbrokers.com/
"Florida Business Exchange, Inc.",https://fbxbrokers.com/
Florida Buy and Sell (Licensed Business Broker),https://www.floridabuyandsell.com/
Florida Laundry Brokers LLC,https://coinlaundrysales.com/
"BizMatch, Inc",https://www.biz-match.com/
Landscape Depot Investments,https://landscapedepotinvestments.com/
"Laundry Brokers, Inc",https://www.lbrokers.com/
United Brokers Group LLC,https://unitedbrokersgrp.com/
NewGate Capital Partners – Orlando Business Brokers,https://newgatecapitalpartners.com/
Calhoun Companies,https://www.calhouncompanies.com/
RESTBARSELL Restaurant Sales Brokers,https://restbarsell.com/
Sunbelt Broker|Business Brokers South,https://www.sunbeltbroker.com/
Sunbelt Business Advisors – Midwest Business Brokerage,https://www.sunbeltmidwest.com/
Sunbelt Business Brokers of Portland,https://sunbeltportland.com/
Sunbelt Business Brokers of Naples,https://sunbeltofflorida.com/
Atlanta Advisory LLC,https://atlantaadvisory.com/
Integra Business Brokers,https://integrabrokers.com/
EATS Restaurant Brokers,https://eatsbrokers.com/
"Kommersial Brokerage, LLC",https://www.kommersial.com/
National Restaurant Brokers,https://www.restsearch.com/
Priority Business Acquisitions,https://pbabroker.com/
"The Business House, Inc.",https://thebusinesshouseinc.com/
Island Business and Commercial Brokerage,https://www.islandbusinessbrokers.com/
Arthur Berry & Company,https://arthurberry.com/
Sheila Spangler Business Broker & Appraiser,https://sheilaspangler.com/
"American Business Acquisitions, Inc.",https://abausa.com/
Chicago Dental Broker,https://www.chicagodentalbroker.net/
Bridge Mergers & Acquisitions,https://bridgemergers.com/
Chicagoland Business Brokers,https://www.chicagolandbusinessbroker.com/
EatZ & Associates,https://eatz-associates.com/
Lighthouse Business Brokers,https://lighthousebusinessbrokers.com/
"Playbook Corporate Advisory, Inc.",https://www.playbookadvisory.com/
St. Louis Group Business Brokers,https://saintlouisgroup.com/
"ABA Advisors, LLC",https://acctsales.com/
Acuity Mergers & Acquisitions,https://www.acuityma.com/
Business Investment Brokers | BIB Group,https://www.bibgroup.net/
Business Broker Indiana,https://www.businessbrokerindiana.com/
Indiana Equity Brokers,https://indianaequitybrokers.com/
"Midwest Business Brokers, Inc.",https://www.midwest-brokers.com/
Alamo Brokers of Texas,https://alamobrokersoftexas.com/
Cornerstone Business Partners,https://www.cornerstonebusinesspartners.com/
LGSTINSON GROUP,https://lgstinsongroup.com/
Lion Business Brokers,https://lionbusinessbrokers.com/
"The Jennessey Group, LLC",https://www.jennessey.com/
KR Business Brokers of Iowa,https://www.krbb.com/
"The Business Brokers, Inc.",https://www.tbbinc.com/
Apex Business Advisors,https://www.kcapex.com/
Bluegrass Business Advisors,https://bluegrassbusinessadvisors.com/
Legacy Mergers & Acquisitions,https://www.legacymergers.com/
Business Brokers & Consultants,https://bbrokers.com/
"Commercial & Industrial Consultants, Inc.",https://commercialindustrialconsultants.com/
Kentucky Business Broker,https://kentuckybusinessbroker.com/
Lexington Business Brokers,https://www.lexingtonbizbroker.com/
Louisville Business Brokers,https://www.louisvillebizbroker.com/
CHISCA GROUP BUSINESS BROKERAGE,http://www.chiscagroup.com/
Russell Bernstein,https://www.russellbernstein.biz/
Starmont Advisors,http://starmontadvisors.com/
Caswell Vlachos Group LLC,https://caswellvlachos.com/
Maine Business Brokers,https://www.mainebusinessbrokers.com/
Utah Business Consultants,https://ubcutah.com/
The Jordie Lee Company Business & Commercial Brokerage,https://www.jordielee.com/
Atlantic Business Brokers,https://atlanticbusinessbrokers.com/
Beltway Business Brokerage,https://beltwaybrokerage.com/
"Capital Business Advisors, Inc.",https://www.capitalbusinessadvisors.com/
The Biz Sellers Business Brokers,https://thebizsellers.com/
Allen Business Advisors,https://www.allenbusinessadvisors.com/
Transition Consultants,https://www.transitionconsultants.com/
Corbett Restaurant Group Restaurant Real Estate Brokerage In Boston,https://corbettrestaurantgroup.com/
Light & Raphael,https://www.lightandraphael.com/
Lee Business & Commercial Brokers,https://www.mabusinessandcommercialbrokers.com/
GAI | Gibson and Associates,https://gai.services/
Texas Business Buyers,https://texasbusinessbuyers.com/
"P&L Business Brokers, LLC",https://www.plbusinessbrokers.com/
Primesite Business Brokers,https://primesitebusiness.com/
"Squizzero, Carp & Associates",https://www.squizzero.com/
Acela Business Brokerage,https://www.acelabrokerage.com/
"Advanced Business Advisors, LLC",https://www.advancedbusinessadvisorsllc.com/
"Calder Capital, LLC – Business Brokers / M&A Firm",https://www.caldergr.com/
Capital Business Brokerage,https://capitalbusinessbrokerage.biz/
"Equity Group of Michigan, LLC. | Equity Ltd.",https://equitygroupmi.com/
Golden Circle Advisors,https://goldencircleadvisors.com/
"Country Business, Inc.",https://www.countrybusiness.net/
Michigan Business Broker,https://michiganbusinessbroker.com/
"Lee Skarin and Associates, Inc.",https://leeskarinandassociates.com/
Georgia Association of Business Brokers - GABB,https://gabb.org/
Kentucky Business Brokers,https://kentuckybusinessbrokers.com/
Capital Business Brokers,https://www.capbizbrokers.com/
Rua Associates,https://ruaassociates.com/
Small Business Deal Advisors,https://www.smallbusinessdeal.com/
Snyder Partners,https://www.snyderpartners.com/
Total Practice Solutions Group – North Central Region,https://www.totalpracticesolutionsgroup.com/
Hospitality Services Corp.,https://www.hscbrokers.com/
AutoCenter Sales,https://www.autocenter-sales.com/
FNBC Kansas City,https://www.fnbcusa.com/
LGI Business Advisors,https://www.lgibusinessadvisors.com/
Premier Business Brokers,https://premierbb.com/
Advantage Business Brokers,https://advantagebusinessbrokers.com/
ExitBig,https://exitbig.com/
Results Business Advisors,https://www.resultsba.com/
"Alan Horwitz, Sunbelt Business Brokers Las Vegas",https://www.vegasbusinessbroker.com/
Business Team,https://www.business-team.com/
"Dental Practice Sales, LLC",https://dentalpracticesalesllc.com/
Murphy Business of Waukesha,https://lakesbusinessgroup.com/
Transworld Business Advisors of Minnesota,https://www.tworldminnesota.com/
"The Liberty Group of Nevada, Inc",https://www.thelibertygroupofnevada.com/
Vallexa Advisors,https://vallexaadvisors.com/
East Coast Business Brokers,https://www.eastcoaststores.com/
Austin Business Brokers,http://abbtx.com/
Gottesman Company,https://gottesman-company.com/
Advent Realty Group,https://www.adventbusinessadvisors.com/
Apollo 7 Group,https://www.apollon7group.com/
Accounting & Tax Brokerage,https://www.atbcal.com/
Accounting Practice Exchange,https://accountingpracticeexchange.com/
Accounting Practice Sales,https://accountingpracticesales.com/
Cohen & Schultz Consulting Group,https://cohenschultz.com/
Business Brokers Plus,https://www.businessbrokersplus.com/
Evergreen Business Advisors,https://www.efcib.com/
Harvest Business Advisors,https://harvestbusiness.com/
Murray & Associates,https://murraybizbuy.com/
Regal Consulting Corp.,https://regalconsultants.com/
"Route Brokers, Inc.",https://www.routebrokers.com/
Visionary Business Brokerage,https://visionarybusinessbrokerage.com/
Sam Goldenberg & Associates,https://www.samgoldenberg.com/
ATM Brokerage,https://atmbrokerage.com/
Biz Brokerage Hub,https://www.bizbrokeragehub.com/
New York Association of Business Brokers,https://nyabb.org/
Houlihan Business Brokers,https://houlihanbusinessbrokers.net/
Car Wash Advisory,https://www.carwashadvisory.com/
National Business Brokers,https://www.nationalbusinessbrokers.com/
Vision Fox Business Advisors,https://visionfox.com/
Buffalo Business Brokers Realty LLC,https://www.buffalobusinessbrokers.com/
GillAgency,https://gillagency.co/
Klassen Ingalls,https://www.klasseningalls.com/
Mr. Route,https://www.mrrouteinc.com/
Nationwide Brokerage Group,https://www.nationwidebgny.com/
RMN Consultants,https://www.rmndentalbrokers.com/
Route World Brokers,https://routeworldbrokers.com/
Accelerate Commercial & Business,https://acceleratecb.com/
Business Brokers of the Carolinas,https://bbotc.net/
"Charlotte Business Brokers Mergers and Acquisitions, Inc",https://charlottebusinessbrokers.com/
VR Business Brokers of Charlotte,https://www.vrbbcharlotte.com/
Gulfstream Mergers & Acquisitions,https://gulfstreammergers.com/
JPA Dental Transitions,https://www.jpatransitions.com/
The Law Practice Exchange,https://thelawpracticeexchange.com/
MidStreet Mergers and Acquisitions,https://www.midstreet.com/
New South Business Brokers LLC,https://newsouthbusinessbrokers.com/
The CBA Group,https://thecbagroup.com/
Simmons & Associates Northwest,https://simmonsinc.com/
Sunbelt of North Dakota,https://sunbeltnd.com/
Business Network Of Ohio,https://www.businessnetworkohio.com/
Cincinnati Business Brokers,https://www.cincybizbroker.com/
Columbus Business Brokers,https://www.columbusbizbroker.com/
Dayton Business Brokers,https://www.daytonbizbroker.com/
Empire Business Associates,https://www.businessbrokerclevelandoh.com/
Great Lakes Business Alliance,https://glbainc.com/
Jim Tharp Realty,https://jimtharprealty.com/
Keate Partners Ltd.,https://www.keatepartners.com/
MGL Business Solutions,https://mglbusinesssolutions.com/
NEO Business Advisors,https://neobusinessadvisors.com/
PMA Practice Transitions,https://pmagroup.net/
Practice Impact,https://practiceimpact.com/
"MarketPoint Advisors, LLC",https://www.marketpointadvisors.com/
Pavilion Business Services,https://www.pavilionservices.com/
"ECA Business Alliance, LLC",https://eca-ba.com/
Field Business Advisors,https://fieldbusinessadvisors.com/
Sokol & Associates,https://sokolandassociates.com/
MergersCorp International,https://www.mergerscorp.com/
TD Business Transaction Advisors,https://akronbusinessbroker.com/
The Saleh Group,https://www.salehgroup.com/
"Zoellner, Garten & Company",https://www.zoellnergarten.com/
APEX Mergers & Acquisitions,https://apexma.com/
Business Brokers of Oregon,https://businessbrokersoforegon.com/
"Northwest Business Sales & Certified Appraisals, LLC",https://nwbusinesssalesandappraisals.com/
Pacific Northwest Business Brokers,https://pnbrokers.com/
Pacific Commercial Brokers,https://pacificcommercialbrokers.com/
"Businesses for Sale in Portland, LLC",https://www.businessesforsaleinportland.com/
Morgan & Westfield,https://morganandwestfield.com/
"Columbia North Business Network, LLC",https://www.cnbnbiz.com/
KR Capital LLC,https://www.deliveryroutesforsale.com/
Pacific Business Investments,https://www.pbiinc.net/
Investin In The Northwest,https://www.investinginthenorthwest.com/
Brandywine Mergers & Acquisitions,https://www.bma1.com/
Empire Business Broker,https://empirebb.com/
"Empire Business Brokers, LLC",https://www.empirebizbroker.com/
Mca Business Brokers,https://mcabizbrokers.com/
"PMJ Productions, Inc.",https://pmjmergers.com/
Plymouth Financial Group,https://www.plymouthfinancialgroup.com/
Sofranko Advisory Group,https://sofrankoadvisors.com/
Strategic Endeavors LLC,https://www.strategicendeavors.com/
"TM Business Brokers, LLC",https://tmbusinessbrokers.com/
United Dental Brokers of America,https://www.udba.biz/
Choice Transitions,https://www.choicetransitions.com/
Hewitt Newton Rico Associates,https://www.hnrassociatesri.com/
Practice Exchange,https://practice-exchange.com/
"Brand Business Brokerage, LLC",https://brandbusinessbrokerage.com/
"Oak Capital Advisors, LLC",https://oakcapitaladvisors.net/
Brooks Pointe,https://brookspointe.com/
CHV GROUP LLC,https://www.chvgroup.com/
CarolinaBizBuySell,https://carolinabizbuysell.com/
Charleston Business Brokers,https://www.charlestonbusinessbrokers.com/
CBB | Coastal Business Brokers,https://cbbroker.com/
Coastal Business Brokers,https://coastalbizbrokers.com/
County South Business Brokers,https://countysouth.biz/
National Restaurant Properties,https://www.restaurantstore.com/
Meritus Group Business Brokerage,https://meritus.group/
Beacon Exit Advisors,https://beaconexit.com/
Southern Business Brokers,https://southernbusinessbrokers.com/
Pinson Group International,https://pinsongroupintl.com/
Priority Business Brokers,https://www.prioritybusinessbrokers.com/
Tennessee Business Broker Solutions,https://www.tnbizbrokers.com/
WNC Business Brokerage,https://wncbusinessbrokerage.com/
Advanced Business Brokers,https://www.advancedbb.com/
ANA Brokers,https://anabrokers.com/
Best Biz to Buy,https://www.bestbiztobuy.com/
Elite Commercial Brokerage Firm,https://www.elitecbfirm.com/
Generational Group,https://www.generational.com/
Griggs Business Brokers,https://www.griggsbusinessbrokers.com/
MDR & Associates,https://mdrma.com/
Sunbelt Texas Business Sales and Acquisitions,https://www.sunbelttexas.com/
Texas Business Brokers,https://texasbusinessbrokers.com/
Texas Restaurant Advisors,https://www.texasrestaurantadvisors.com/
The 86 Group,https://the86group.com/
The Vant Group,https://www.thevantgroup.com/
Tinsley Medical Practice Brokers,https://tinsleymedicalpracticebrokers.com/
"V-AID Group, Inc.",https://v-aidgroup.com/
Venture Opportunities,https://www.bizdealmaker.com/
Pinnacle Business Brokers,https://www.pinnaclebusinessbrokers.net/
"Savadd Business Brokers, LLC",https://www.savaddbusinessbrokers.com/
Vermont Business Brokers,https://www.vermontbusinessbrokers.com/
"Atlantic Business Brokers, LLC",https://atlanticbusinessbroker.com/
"ABBI | Atlantic Business Brokerage, Inc.",https://www.atlanticbusinessbrokerage.com/
Commonwealth Transitions,https://commonwealthtransitions.com/
GS Russell Brokers,https://gsrussellbrokers.com/
Light & Raphael Business Brokerage,https://lightandraphael.com/
NexGen Business Brokers & Consultants,https://nexgenbusinessbrokers.com/
RVA Business Brokers,https://www.rvabusinessbrokers.com/
"Consani Associates, LTD",https://www.mydentalbroker.com/
Private Practice Transitions,https://privatepracticetransitions.com/
RC Advisory Services LLC,https://www.rcadvisorysvcs.com/
Creative Business Services,https://cbs-global.com/
Great Lakes Business Group,https://greatlakesbusinessgroup.com/
Macor Associates Inc.,https://macorassociates.com/
Business Research Group,https://brgbrokers.com/
Universal Business Brokers,https://universalbusinessbrokers.net/
Restaurant Realty Company,https://www.restaurantrealty.com/
We Sell Restaurants,https://www.wesellrestaurants.com/
Top Florida Business Brokers,https://topfloridabusinessbrokers.com/
The Sunbelt Business Brokers of South Florida,https://www.sunbeltsfl.com/
Orlando Business Broker,https://www.orlandobusinessbroker.com/
Texas Association of Business Brokers (TABB),https://tabb.org/
Sunbelt of Beverly Hills,https://sunbeltofbeverlyhills.com/
Sunbelt Atlanta,https://www.sunbeltatlanta.com/
Colonial Business Brokerage,https://colonialbb.com/
United Business Brokers,https://www.unitedbusinessbrokers.com/
Texas Association of Business Brokers,https://www.tabb.org/
"American Business Investors, Inc.",https://abi-broker.com/
PGP Advisory,https://www.pgpadvisory.com/
"Coastal Consultants, LLC",https://www.coastalconsult.org/
The Independence Group,https://www.independencegroup.com/
National Pool Route Sale,https://poolroutesales.com/
Sealey Business Brokers,https://www.sealeybb.com/
AZ Pool Routes,https://www.azpoolroutes.com/
Hughes Properties,https://hughesproperties.com/
Santa Rosa Business & Commercial,https://www.santarosabusinessandcommercial.com/
Managevisors,https://www.managevisors.com/
Best Laundry Brokers,https://bestlaundrybrokers.com/
Car Wash Brokers Inc.,https://carwashbrokers.com/
Pacific Reliance Business Brokers,https://pacificrb.com/
Restaurant Exchange,https://www.restx.com/
FranBizNetwork,https://www.franbiznetwork.com/
Empire Business Solutions,https://empireoc.com/
J. Back & Associates,https://www.restaurant-realty-for-sale.com/
Just Business Brokers,https://www.justbusinessbrokers.com/
My Business Broker,https://mybroker.business/
Broadwalk Business Brokers,https://www.broadwalkbusinessbrokers.com/
Theo Poulos Real Estate,https://www.theopoulos.com/
Force One Realty,https://forceonerealty.com/
Eden Exchange,https://www.edenexchange.com/
SDBC Partners,https://www.sdbcpartners.com/
BizBrokers Cairns,https://bizbrokers.net.au/
Salon Sales Australia,https://salonsales.net.au/
Weybrook Business Brokers,https://www.weybrookbusinessbrokers.com/
ETS Corporate,https://www.ets-corporate.com/
Begbies Traynor Group,https://www.begbies-traynorgroup.com/
The Business Xchange,https://www.thebusinessexchange.co/
Lucas & Weston,https://www.lucasweston.com/
Chelsea Corporate,https://chelseacorporate.com/
Adams & Co,https://www.adamsandco.com/
APEX Business Sales,https://www.apexbusinesssales.com/
business partnership,https://www.business-partnership.com/
Redwoods Dowling Kerr,https://redwoodsdk.com/
Knightsbridge Business Sales,https://www.knightsbridgeplc.com/
abacus Day Nursery Sales,https://www.abacusdaynurserysales.com/
GSV Business Transfer,https://gsvbusinesstransfer.com/
gator business sales,https://gatorbusiness.com/
"Global Business Brokers, LLC",https://www.globalbizbkrs.com/
TruView Business Advisors,https://www.truviewbusiness.com/
Queens Square Business Brokers,https://queensquarebrokers.com/
Astra Business Corporation,https://www.abc-astra.com/
Liberty Business Brokers of Ontario,https://libertybusinessbrokersofontario.com/
Small Business Broker,https://www.smallbusinessbroker.ca/
Score Business Brokers,https://scorebusinessbrokers.com/
Robbinex,https://www.robbinex.com/
Sunbelt Canada,https://www.sunbeltcanada.com/
"Investive Inc., Brokerage",https://www.investive.com/
GTA Business Broker,https://gtabusinessbroker.ca/
Aldrin Raphael | A R Business Brokers,https://www.aldrin.ca/
Crossbridge Business Brokers,https://www.crossbridgebb.com/
Tidell Consulting Group,https://tidell.ca/
Ontario Commercial Group,https://www.ontario-commercial.com/
Equitas Business Brokers Limited,https://www.equitasbusinessbrokers.com/
Alberta Business Sales,https://absales.ca/
Reliant Commercial Inc.,https://businessbrokersbc.ca/
"National Mergers & Acquisitions Group, Inc.",https://www.nationalmagroup.com/
Larkspur Business Brokers,https://larkspurbusiness.ca/
Lux Business Brokers,https://luxbbg.com/
Signature Business Brokers,https://www.signaturebusinessbrokers.com/
Buyertise,https://buyertise.com/
Oconnor Business Brokers & Consultants,https://www.oconnorbusinessbrokers.com/
Investiprise,https://www.investiprise.com/
Beal Business Brokers & Advisors,https://www.bealbusinessbrokers.ca/
Gateway Business Brokers,https://gatewaybusinessbrokers.ca/
BeautyBrokers,https://beautybrokers.ca/
LaVitrine,https://lavitrine.biz/
Intermedd,https://www.intermedd.ca/
Flagship Business Brokers,https://flagshipbrokers.ca/businesses-for-sale/
Century 21 Commercial Advantage,https://advantagebusinessbrokers.ca/
"ICI Source Real Asset Services Inc., Brokerage",https://icisource.ca/
Bridge Business Brokers,https://bridgebusinessbrokers.ca/
Samaya Business Brokers,https://samayabrokers.com/
Pacific M&A and Business Brokers Ltd.,https://www.pmabb.com/
Smalley Realty,https://smalleybusinessbrokers.com/
"Canadest Business Brokers, Inc.",https://www.canadest.com/
CBi Business Transitions,https://cbibusinesstransitions.com/
iBC Business Brokers Inc.,https://bcbusinessbroker.ca/
Jason Brice Business Broker,https://www.jason-brice.com/
Chinook Business Advisory Ltd,https://chinookmabb.com/
BFSO | Business For Sale Online,https://www.bfso.ca/
Kelowna Business Brokers,https://kelownabusinessbrokers.ca/
Frank Pupo,https://commercialvancouver.com/
Vancouver Commercial Realtor & Business Broker,https://www.vancouverbusinessbrokers.ca/
Aleksandra Magee PREC,https://aleksandramagee.com/
sell the business,https://www.sellthebusiness.ie/
H&S Business Broker Singapore,https://www.hnsbusiness.com/
Inspireon,https://inspireon.biz/
"BLA | Bradford, Lim & Associates",https://www.bradfordlimassociates.com/
Business Broker Spain,https://businessbrokerspain.com/
BBC - Business Broker Consultants Co.Ltd,https://www.businessbrokersasia.com/
Rejigg,https://rejigg.com/
Smobi ,https://smobi.com/
Baton Market,https://www.batonmarket.com/
Benchmarket International,embracebenchmark.com/
,
Want to save time searching for quality dealflow? Sign up for SMB Deal Hunter (free) to get the top 5 deals with expert insights delivered to your inbox 2x a week.,